Workbook

Sheet AREA_TIPO_ATTO_MODELLO
A1: Gruppo | B1: AREA | C1: ID_CONF_TIPO_ATTO | D1: ID_MODELLO_ATTO | E1: DESCRIZIONE_TIPO_ATTO | F1: DESCRIZIONE_MODELLO | G1: DICHIARANTE | H1: Note | I1: Conteggio | J1: Frequenza | K1: Usecase ANSC
B2: CITTADINANZE | C2: 501 | D2: 001 | E2: GIURAMENTO A ROMA | F2: GIURAMENTO A ROMA | I2: #N/A
B3: CITTADINANZE | C3: 502 | D3: 002 | E3: TRASCRIZIONE A ROMA | F3: TRASCRIZIONE A ROMA | I3: #N/A
B4: CITTADINANZE | C4: 503 | D4: 003 | E4: Concessione - Estero | F4: CONCESSIONE DA ESTERO | I4: 342 | J4: Media
B5: CITTADINANZE | C5: 504 | D5: 004 | E5: Art. 14 L. 91/92 | F5: ART. 14 | I5: 3995 | J5: Elevatissima
B6: CITTADINANZE | C6: 505 | D6: 005 | E6: ACQUISTO/RIACQUISTO RICON. MINORI | F6: ACQUISTO/RIACQUISTO RICON. MINORI | I6: #N/A
B7: CITTADINANZE | C7: 506 | D7: 006 | E7: Art. 2 comma 2 | F7: DICHIARAZIONE ART.2 COMMA 2 | I7: 2 | J7: Bassa
B8: CITTADINANZE | C8: 507 | D8: 007 | E8: Art. 2 comma 2 - Trascrizione | F8: TRASC. ACCERTAMENTO ART.2 COMMA 2 | I8: 2 | J8: Bassa
B9: CITTADINANZE | C9: 508 | D9: 008 | E9: Accertamento - Art. 16 | F9: ACCERTAMENTO ART.16 | I9: 4 | J9: Bassa
B10: CITTADINANZE | C10: 509 | D10: 009 | E10: Art. 4 comma 2 | F10: DICHIARAZIONE ART.4 COMMA 2 | I10: 2029 | J10: Elevatissima
B11: CITTADINANZE | C11: 510 | D11: 010 | E11: DICHIARAZIONE ART.4 COMMA 1 | F11: DICHIARAZIONE ART.4 COMMA 1 | I11: #N/A
B12: CITTADINANZE | C12: 511 | D12: 011 | E12: TRASC. ACCERTAMENTO ART.4 COMMA 1 | F12: TRASC. ACCERTAMENTO ART.4 COMMA 1 | I12: #N/A
B13: CITTADINANZE | C13: 512 | D13: 012 | E13: Art. 4 comma 2 - Trascrizione | F13: TRASC. ACCERTAMENTO ART.4 COMMA 2 | I13: 2029 | J13: Elevatissima
B14: CITTADINANZE | C14: 513 | D14: 013 | E14: Art. 13 Let. C - Roma | F14: DICHIARAZIONE ART.13 LET. C ROMA | I14: 8 | J14: Bassa
B15: CITTADINANZE | C15: 514 | D15: 014 | E15: Art. 13 Let. C - Roma - Trascrizione | F15: TRASC. ACCERTAMENTO ART.13 LET. C ROMA | I15: 8 | J15: Bassa
B16: CITTADINANZE | C16: 515 | D16: 015 | E16: Art. 13 Let. C - Dich. Acc. Consolato - Estero - Trasc. | F16: TRASC. ATTESTAZIONE ART.13 LET. C CONSOLATO | I16: #N/A
B17: CITTADINANZE | C17: 516 | D17: 025 | E17: Art. 13 Let. C - In attesa Cert. Resid. - Estero | F17: TRASC. ACCERT. ART. 13 LET. C ESTERO | I17: #N/A
B18: CITTADINANZE | C18: 517 | D18: 017 | E18: Art. 13 Let. D - Residenti | F18: TRASC. ACCERT. ART. 13 LET. D | I18: 1 | J18: Bassa
B19: CITTADINANZE | C19: 518 | D19: 018 | E19: Art. 13 Let. C - Dich. Acc. Consolato - Estero | F19: TRASC. ACCERT. ART. 13 LET. C CONSOLATO | I19: #N/A
B20: CITTADINANZE | C20: 519 | D20: 020 | E20: Perdita per Naturalizzazione - Sindaco | F20: PERDITA PER NATURALIZZAZIONE | I20: #N/A
B21: CITTADINANZE | C21: 520 | D21: 022 | E21: Perdita per Iure Loci | F21: PERDITA PER IURE LOCI | I21: #N/A
B22: CITTADINANZE | C22: 521 | D22: 021 | E22: Perdita per Disconoscimento | F22: PERDITA PER DISCONOSCIMENTO | I22: #N/A
B23: CITTADINANZE | C23: 522 | D23: 023 | E23: RINUNCIA CITTADINANZA ART. 11 | F23: RINUNCIA CITTADINANZA ART. 11 | I23: #N/A
B24: CITTADINANZE | C24: 523 | D24: 024 | E24: Art. 13 Let. D - Rinuncia al Riacquisto | F24: RINUNCIA AL RIACQUISTO - DICHIARAZIONE | I24: #N/A
B25: CITTADINANZE | C25: 524 | D25: 016 | E25: Art. 13 Let. C - Acc. Req. Sindaco - Estero | F25: TRASC. ACCERT. ART. 13 LET. C ESTERO | I25: 3 | J25: Bassa
B26: CITTADINANZE | C26: 525 | D26: 026 | E26: Art. 13 Let. D - Rinuncia al Riacquisto - Trasc. | F26: RINUNCIA AL RIACQUISTO - TRASCRIZIONE | I26: #N/A
B27: CITTADINANZE | C27: 526 | D27: 027 | E27: Cittadinanza a testo libero | F27: TESTO LIBERO | I27: 217 | J27: Media
B28: CITTADINANZE | C28: 527 | D28: 032 | E28: Art. 10 comma 2 L. 555/1912 - Console | F28: ATTESTAZIONE ART.10 COMMA 2 L. 555/1912 - CONSOLE | I28: #N/A
B29: CITTADINANZE | C29: 528 | D29: 032 | E29: Art. 10 comma 2 L. 555/1912 - Sindaco | F29: ATTESTAZIONE ART.10 COMMA 2 L. 555/1912 - CONSOLE | I29: #N/A
B30: CITTADINANZE | C30: 529 | D30: 034 | E30: Art. 3 comma 1 - Adozioni | F30: ACQUISTO PER ADOZIONE | I30: 42 | J30: Bassa
B31: CITTADINANZE | C31: 530 | D31: 039 | E31: Cittadinanza senza atto | F31: CITTADINANZA SENZA ATTO | I31: 264 | J31: Media
B32: CITTADINANZE | C32: 531 | D32: 005 | E32: Art. 2 comma 1 - da Sindaco | F32: ACQUISTO/RIACQUISTO RICON. MINORI | I32: 21 | J32: Bassa
B33: CITTADINANZE | C33: 532 | D33: 005 | E33: Art. 2 comma 1 - da Console | F33: ACQUISTO/RIACQUISTO RICON. MINORI | I33: #N/A
B34: CITTADINANZE | C34: 533 | D34: 001 | E34: Art. 5 e Art. 9 - Giuramento | F34: GIURAMENTO A ROMA | I34: 8632 | J34: Elevatissima
B35: CITTADINANZE | C35: 534 | D35: 002 | E35: Art. 5 e Art. 9 - Trascrizione | F35: TRASCRIZIONE A ROMA | I35: 8624 | J35: Elevatissima
B36: CITTADINANZE | C36: 535 | D36: 017 | E36: Art. 13 Let. D - Casi Pregressi | F36: TRASC. ACCERT. ART. 13 LET. D | I36: #N/A
B37: CITTADINANZE | C37: 536 | D37: 020 | E37: Perdita per Naturalizzazione - Console | F37: PERDITA PER NATURALIZZAZIONE | I37: 3 | J37: Bassa
B38: DECESSI | C38: 301 | D38: 01 | E38: MORTE IN ABITAZIONE A ROMA | F38: MORTE IN ABITAZIONE A ROMA | I38: 24266 | J38: Elevatissima | K38: 2101
B39: DECESSI | C39: 302 | D39: 02 | E39: MORTE IN ABITAZIONE FUORI ROMA | F39: MORTE IN ABITAZIONE FUORI ROMA | H39: Si tratta di trascrizioni di atti di stato civile da altro comune; superati dall'introduzione degli atti digitali. | I39: 2083 | J39: Elevatissima
B40: DECESSI | C40: 303 | D40: 03 | E40: MORTE IN STRUTTURA SANITARIA A ROMA | F40: MORTE IN OSPEDALE A ROMA | I40: 21518 | J40: Elevatissima | K40: 2102
B41: DECESSI | C41: 304 | D41: 04 | E41: MORTE CON AVVISO DI AUTORITA' GIUDIZIARIA A ROMA | F41: MORTE DA AUTORITA' GIUDIZIARIA A ROMA | I41: 798 | J41: Elevata | K41: 2103
B42: DECESSI | C42: 305 | D42: 05 | E42: MORTE DI PERSONA SCONOSCIUTA O PARTI DI CADAVERE | F42: MORTE CON DECEDUTO SCONOSCIUTO | I42: #N/A | K42: 2104
B43: DECESSI | C43: 306 | D43: 06 | E43: MORTE ALL'ESTERO DA PUBBLICA AUTORITA' | F43: MORTE DA PUBBLICO/PRIVATO DALL'ESTERO | I43: 178 | J43: Media | K43: 2212, 2213
B44: DECESSI | C44: 307 | D44: 07 | E44: MORTE CON AVVISO DI AUTORITA' GIUDIZIARIA FUORI ROMA | F44: MORTE DA AUTORITA' GIUDIZIARIA FUORI ROMA | H44: Si tratta di trascrizioni di atti di stato civile da altro comune; superati dall'introduzione degli atti digitali. | I44: 44 | J44: Bassa
B45: DECESSI | C45: 308 | D45: 08 | E45: MORTE IN STRUTTURA SANITARIA FUORI ROMA | F45: MORTE IN OSPEDALE FUORI ROMA | H45: Si tratta di trascrizioni di atti di stato civile da altro comune; superati dall'introduzione degli atti digitali. | I45: 3169 | J45: Elevatissima
B46: DECESSI | C46: 309 | D46: 09 | E46: MORTE CON TESTO LIBERO | F46: MORTE CON TESTO LIBERO | H46: Corrisponde allo usecase 2199 Caso d'uso di servizio (dichiarazioni di morte) disponibile solo su WeApp o 2299 Caso d'uso di servizio (trascrizione di morte) disponibile anche con servizi cooperativi | I46: 1 | J46: Bassa | K46: 2199, 2299
B47: DECESSI | C47: 310 | D47: 10 | E47: MORTE PRESUNTA | F47: MORTE PRESUNTA | I47: 7 | J47: Bassa
B48: DECESSI | C48: 311 | D48: 11 | E48: MORTE AVVENUTA IN VIAGGIO | F48: MORTE AVVENUTA IN VIAGGIO | I48: #N/A
B49: DECESSI | C49: 312 | D49: 06 | E49: MORTE ALL'ESTERO DA PRIVATO | F49: MORTE DA PUBBLICO/PRIVATO DALL'ESTERO | I49: 78 | J49: Bassa
B50: MATRIMONI | C50: 11 | D50: 003 | E50: CIVILE A ROMA | F50: CIVILE A ROMA | I50: 5928 | J50: Elevatissima
B51: MATRIMONI | C51: 12 | D51: 001 | E51: RELIGIOSO A ROMA | F51: RELIGIOSO A ROMA | I51: 2137 | J51: Elevatissima
B52: MATRIMONI | C52: 13 | D52: 002 | E52: RELIGIOSO FUORI ROMA | F52: RELIGIOSO FUORI ROMA | I52: 1857 | J52: Elevatissima
B53: MATRIMONI | C53: 14 | D53: 016 | E53: CIVILE A ROMA FUORI CASA COMUNALE | F53: CIVILE CELEBRATI FUORI CASA COMUNALE | I53: 24 | J53: Bassa
B54: MATRIMONI | C54: 15 | D54: 017 | E54: MATRIMONIO CELEBRATO IN IMMINENTE PERICOLO DI VITA | F54: PERICOLO DI VITA - COD. NAVIGAZIONE | I54: #N/A
B55: MATRIMONI | C55: 16 | D55: 008 | E55: CIVILE A ROMA PER DELEGA | F55: CIVILE A ROMA PER DELEGA | I55: 135 | J55: Media
B56: MATRIMONI | C56: 17 | D56: 010 | E56: CIVILE FUORI ROMA PER DELEGA | F56: CIVILE FUORI ROMA PER DELEGA | I56: 1191 | J56: Elevatissima
B57: MATRIMONI | C57: 18 | D57: 006 | E57: PLURILINGUE | F57: PLURILINGUE | I57: 114 | J57: Media
B58: MATRIMONI | C58: 19 | D58: 032 | E58: NEGOZIAZIONE ASSISTITA ART. 6 - old version | F58: NEGOZIAZIONE ASSISTITA ART. 6 | I58: #N/A
B59: MATRIMONI | C59: 20 | D59: 014 | E59: RICONCILIAZIONE | F59: RICONCILIAZIONE | I59: 19 | J59: Bassa
B60: MATRIMONI | C60: 21 | D60: 035 | E60: ART. 12 - Modifica Condizioni | F60: NEGOZIAZIONE ASSISTITA ART.12 caso modifica condizioni | I60: 11 | J60: Bassa
B61: MATRIMONI | C61: 22 | D61: 033 | E61: ART. 12 - Separazione | F61: NEGOZIAZIONE ASSISTITA ART.12 caso separazione | I61: 369 | J61: Media
B62: MATRIMONI | C62: 23 | D62: 018 | E62: FORMAZIONE D'ATTO | F62: FORMAZIONE D'ATTO | I62: 2 | J62: Bassa
B63: MATRIMONI | C63: 111 | D63: 004 | E63: CIVILE A ROMA CON PROCURA | F63: CIVILE A ROMA CON PROCURA | I63: #N/A
B64: MATRIMONI | C64: 112 | D64: 005 | E64: RELIGIOSO A ROMA PER ART. 13 | F64: RELIGIOSO A ROMA PER ART. 13 | I64: 102 | J64: Media
B65: MATRIMONI | C65: 113 | D65: 019 | E65: FORMULE NON PREVISTE | F65: FORMULE NON PREVISTE | I65: 11 | J65: Bassa
B66: MATRIMONI | C66: 116 | D66: 011 | E66: CIVILE FUORI ROMA FUORI CASA COMUNALE PER DELEGA | F66: CIVILE FUORI ROMA IN EXTREMIS | I66: 3 | J66: Bassa
B67: MATRIMONI | C67: 117 | D67: 020 | E67: CIVILE FUORI ROMA FUORI CASA COMUNALE | F67: CIVILE FUORI ROMA EXTREMIS NO DELEGA | I67: #N/A
B68: MATRIMONI | C68: 118 | D68: 009 | E68: CIVILE FUORI ROMA | F68: CIVILE FUORI ROMA | I68: 262 | J68: Media
B69: MATRIMONI | C69: 119 | D69: 015 | E69: CIVILE A ROMA IN EXTREMIS | F69: CIVILE A ROMA IN EXTREMIS | I69: 78 | J69: Bassa
B70: MATRIMONI | C70: 120 | D70: 007 | E70: ESTERO | F70: ESTERO | I70: 3939 | J70: Elevatissima
B71: MATRIMONI | C71: 130 | D71: 034 | E71: ART. 12 - Divorzio | F71: NEGOZIAZIONE ASSISTITA ART.12 caso divorzio | I71: 428 | J71: Media
B72: MATRIMONI | C72: 131 | D72: 036 | E72: NEGOZIAZIONE ASSISTITA ART. 6 | F72: NEGOZIAZIONE ASSISTITA ART. 6 da avvocato nuova versione | I72: 2028 | J72: Elevatissima
B73: MATRIMONI | C73: 132 | D73: 037 | E73: ART. 12 - Conferma Accordo | F73: NEGOZIAZIONE ASSISTITA ART.12 conferma accordo | I73: 806 | J73: Elevata
B74: MATRIMONI | C74: 133 | D74: 038 | E74: ART. 12 - Mancata Conferma Accordo | F74: NEGOZIAZIONE ASSISTITA ART. 12 non conferma accordo | I74: 26 | J74: Bassa
B75: MATRIMONI | C75: 134 | D75: 012 | E75: ESTERO - DIVORZIO | F75: DIVORZIO ESTERO | I75: 308 | J75: Media
B76: MATRIMONI | C76: 135 | D76: 013 | E76: NULLITA' | F76: NULLITA' ESTERA | I76: 18 | J76: Bassa
B77: MATRIMONI | C77: 136 | D77: 039 | E77: DIVORZI ITALIANI DA TRIBUNALE | F77: DIVORZI ITALIANI DA TRIBUNALI | I77: 3312 | J77: Elevatissima
B78: MATRIMONI | C78: 1739 | D78: DTL | E78: FORMULE NON PREVISTE | F78: TESTO LIBERO | I78: 3 | J78: Bassa
B79: NASCITE | C79: 1401 | D79: 1A | E79: Trascrizione altro Comune da Ospedale gemelli nati in costanza di matrimonio | F79: TRASCRIZIONE DA OSPEDALE figli leg. | I79: #N/A
B80: NASCITE | C80: 1402 | D80: 1B | E80: Trascrizione altro Comune da Ospedale gemelli nati in costanza di matrimonio | F80: TRASCRIZIONE DA OSPEDALE figli leg. | I80: #N/A
B81: NASCITE | C81: 1403 | D81: 1C | E81: Trascrizione altro Comune da Ospedale gemelli nati in costanza di matrimonio | F81: TRASCRIZIONE DA OSPEDALE figli leg. | I81: #N/A
B82: NASCITE | C82: 1404 | D82: 1D | E82: Trascrizione altro Comune da Ospedale gemelli nati in costanza di matrimonio | F82: TRASCRIZIONE DA OSPEDALE figli leg. | I82: #N/A
B83: NASCITE | C83: 1405 | D83: 1E | E83: Trascrizione altro Comune da Ospedale gemelli nati in costanza di matrimonio | F83: TRASCRIZIONE DA OSPEDALE figli leg. | I83: #N/A
B84: NASCITE | C84: 1406 | D84: 1F | E84: Trascrizione altro Comune da Ospedale gemelli nati in costanza di matrimonio | F84: TRASCRIZIONE DA OSPEDALE figli leg. | I84: #N/A
B85: NASCITE | C85: 1407 | D85: 1G | E85: Trascrizione altro Comune da Ospedale gemelli nati in costanza di matrimonio | F85: TRASCRIZIONE DA OSPEDALE figli leg. | I85: #N/A
B86: NASCITE | C86: 1408 | D86: 1H | E86: Trascrizione altro Comune da Ospedale gemelli nati fuori dal matrimonio | F86: TRASCRIZIONE DA OSPEDALE figli nat. | I86: #N/A
B87: NASCITE | C87: 1409 | D87: 1I | E87: Trascrizione altro Comune da Ospedale gemelli nati fuori dal matrimonio | F87: TRASCRIZIONE DA OSPEDALE figli nat. | I87: #N/A
B88: NASCITE | C88: 1410 | D88: 1L | E88: Trascrizione altro Comune da Ospedale gemelli nati fuori dal matrimonio | F88: TRASCRIZIONE DA OSPEDALE figli nat. | I88: #N/A
B89: NASCITE | C89: 1411 | D89: 1M | E89: Trascrizione altro Comune da Ospedale gemelli nati fuori dal matrimonio | F89: TRASCRIZIONE DA OSPEDALE figli nat. | I89: #N/A
B90: NASCITE | C90: 1412 | D90: 1N | E90: Trascrizione altro Comune da Ospedale gemelli nati fuori dal matrimonio | F90: TRASCRIZIONE DA OSPEDALE figli nat. | I90: #N/A
... B106: NASCITE | C106: 1428 | D106: 2G | E106: Trascrizione altro Comune da Ospedale gemelli nati fuori dal matrimonio | F106: TRASCRIZIONE DA OSPEDALE figli nat. | I106: #N/A
B107: NASCITE | C107: 1429 | D107: 30 | E107: Iscrizione da Pubblico Ufficiale gemelli nati in costanza di matrimonio | F107: DICHIARAZIONE AL PUBBLICO figli leg. | G107: Padre | I107: 221 | J107: Media
B108: NASCITE | C108: 1430 | D108: 31 | E108: Iscrizione da Pubblico Ufficiale gemelli nati in costanza di matrimonio | F108: DICHIARAZIONE AL PUBBLICO figli leg. | G108: Madre | I108: 4 | J108: Bassa
B109: NASCITE | C109: 1431 | D109: 32 | E109: Iscrizione da Pubblico Ufficiale gemelli nati in costanza di matrimonio | F109: DICHIARAZIONE AL PUBBLICO figli leg. | G109: Padre con intervento madre | I109: #N/A
B110: NASCITE | C110: 1432 | D110: 33 | E110: Iscrizione da Pubblico Ufficiale gemelli nati in costanza di matrimonio | F110: DICHIARAZIONE AL PUBBLICO figli leg. | G110: Madre con intervento padre | I110: 4 | J110: Bassa
B111: NASCITE | C111: 1433 | D111: 34 | E111: Iscrizione da Pubblico Ufficiale gemelli nati in costanza di matrimonio | F111: DICHIARAZIONE AL PUBBLICO figli leg. | I111: #N/A
B112: NASCITE | C112: 1434 | D112: 35 | E112: Iscrizione da Pubblico Ufficiale gemelli nati in costanza di matrimonio | F112: DICHIARAZIONE AL PUBBLICO figli leg. | I112: #N/A
B113: NASCITE | C113: 1435 | D113: 36 | E113: Iscrizione da Pubblico Ufficiale gemelli nati in costanza di matrimonio | F113: DICHIARAZIONE AL PUBBLICO figli leg. | I113: #N/A
B114: NASCITE | C114: 1436 | D114: 37 | E114: Iscrizione da Pubblico Ufficiale figlio abbandonato | F114: DICHIARAZIONE AL PUBBLICO figli abb. | G114: Altra persona | I114: 2 | J114: Bassa
B115: NASCITE | C115: 1437 | D115: 38 | E115: Iscrizione da Pubblico Ufficiale gemelli nati fuori dal matrimonio | F115: DICHIARAZIONE AL PUBBLICO figli nat. | G115: Padre con intervento della madre | I115: 44 | J115: Bassa
...

Sheet Conteggi
A1: ID_TIPO_ATTO | B1: COUNT(*) | C1: Censimento
A2: 301 | B2: 24266 | C2: =VLOOKUP(A2,AREA_TIPO_ATTO_MODELLO!$C:$C,1,FALSE) -> 301
A3: 303 | B3: 21518 | C3: =VLOOKUP(A3,AREA_TIPO_ATTO_MODELLO!$C:$C,1,FALSE) -> 303
A4: 1640 | B4: 11118 | C4: =VLOOKUP(A4,AREA_TIPO_ATTO_MODELLO!$C:$C,1,FALSE) -> 1640
A5: 533 | B5: 8632 | C5: =VLOOKUP(A5,AREA_TIPO_ATTO_MODELLO!$C:$C,1,FALSE) -> 533
A6: 534 | B6: 8624 | C6: =VLOOKUP(A6,AREA_TIPO_ATTO_MODELLO!$C:$C,1,FALSE) -> 534
A7: 1574 | B7: 626 | C7: =VLOOKUP(A7,AREA_TIPO_ATTO_MODELLO!$C:$C,1,FALSE) -> 1574
A8: 1593 | B8: 6148 | C8: =VLOOKUP(A8,AREA_TIPO_ATTO_MODELLO!$C:$C,1,FALSE) -> 1593
A9: 11 | B9: 5928 | C9: =VLOOKUP(A9,AREA_TIPO_ATTO_MODELLO!$C:$C,1,FALSE) -> 11
A10: 1515 | B10: 5628 | C10: =VLOOKUP(A10,AREA_TIPO_ATTO_MODELLO!$C:$C,1,FALSE) -> 1515
A11: 1646 | B11: 5085 | C11: =VLOOKUP(A11,AREA_TIPO_ATTO_MODELLO!$C:$C,1,FALSE) -> 1646
A12: 504 | B12: 3995 | C12: =VLOOKUP(A12,AREA_TIPO_ATTO_MODELLO!$C:$C,1,FALSE) -> 504
A13: 120 | B13: 3939 | C13: =VLOOKUP(A13,AREA_TIPO_ATTO_MODELLO!$C:$C,1,FALSE) -> 120
... A163: 1665 | B163: 1 | C163: =VLOOKUP(A163,AREA_TIPO_ATTO_MODELLO!$C:$C,1,FALSE) -> 1665
